0,1,2,3,4,5,6,7,8,9,10,11,12,13,14,15,16,17,18,19,20,21,22,23,24,25,26,27,28,29,30,31,32,33,34,35,36,37,38,39,40,41,42,43,44,45,46,47,48,49,50,51,52,53,54,55,56,57,58,59,60,61,62,63,64,65,66,67,68,69,70,71,72,73,74,75,76,77,78,79,80,81,82,83,84,85,86,87,88,89,class
0.6440872283632694,-0.5508205996389173,0.651744761435409,-0.5787513664132484,0.6653469896955488,-0.5764534265191321,0.63155676966239,-0.5740991930942962,0.46820896574608234,-0.7006727612019689,0.13914229411660778,-0.8387637460912215,-0.30991329483149344,-0.9607226199080162,-0.8678349076769324,-0.9819467285675502,-1.4478490857584592,-0.7804187233339613,-1.8226284923405174,-0.3900727738032604,-2.0334084035355007,0.12084934544390936,-2.1529700166495433,0.9207728539128397,-2.1007102108920495,1.8284079717615498,-1.9810473508243305,2.3162660998697406,-1.8952143979174654,2.241064234489403,-1.82411781948053,1.7259913841059322,-1.737129720482507,1.0483137200407733,-1.5380959396620557,0.4552088257002164,-1.260380837231538,-0.06132991155641935,-0.8988034199112332,-0.45762018221209155,-0.3784502543551369,-0.792614368686749,0.10422090229557665,-0.9569660632412403,0.4650980122932902,-0.9694691588659176,0.7348091734126432,-0.8888322875237734,0.9229729318534755,-0.7046236719003649,1.0226787031028344,-0.6582831231867827,0.9843180691788627,-0.744264276257245,0.78403676988067,-1.0384563567048348,0.43670477169790556,-1.1986881742956124,-0.0010648502094268509,-1.1632461433056158,-0.48174687893592066,-0.8821551690835358,-0.9048838992022049,-0.420414392740344,-1.2147531157125944,0.31621239565306697,-1.2339162497898462,1.035188273027904,-1.0898511219153433,1.5913274038233534,-0.9188023793025926,2.084399808425417,-0.8526696623246517,2.3575301036519014,-0.8629550466665968,2.249555223044113,-0.9096727479274294,1.813044067014124,-0.8836069709025636,1.1849588641381148,-0.7235023030824946,0.5351601034023346,-0.462711414224343,-0.027383433212417634,-0.11930364499731773,-0.4370427568413473,0.24519904338160187,-0.7231774584821308,0.5590022691787881,-0.8033243804915303,1
-0.4032710622535423,-1.1804762971136598,-0.3785250942935603,-1.181240057138724,-0.3806981274397036,-1.1805886507217418,-0.3816124872036773,-1.1742159948426463,-0.38892872690533953,-1.1977659281354178,-0.48870867547589664,-1.2410482848866131,-0.6284044248440981,-1.272728168527411,-0.8195454863691425,-1.2992411788672558,-1.1024659138795412,-1.3032483932139132,-1.418550701389123,-1.2259942878355217,-1.7110981838981294,-1.042465021461394,-1.8906916646452863,-0.7421278940421708,-2.066758424270586,-0.2570095558521431,-2.2437491322010605,0.2876467416014543,-2.3500252466391074,0.8839347241245907,-2.432996589421347,1.3686650441162926,-2.5371413920336074,1.785412174884757,-2.642525308016192,2.033286661586829,-2.724754565398885,1.990597549518737,-2.7344938010635014,1.6376534962653189,-2.621463372786301,1.0692654169027758,-2.2946995292619583,0.3454499232929191,-1.8990103052945155,-0.33891911489640025,-1.4245830393629795,-0.9232271642005523,-0.9298621039240647,-1.3173125582303022,-0.44850564209805466,-1.5183537195743868,0.04118618496414367,-1.56433836410228,0.514632303433593,-1.4162819955406991,0.902087884667209,-1.22959340085831,1.2094080565515228,-1.0855627130017835,1.3780875790755256,-1.0999433302537611,1.3956779358469285,-1.2106989983444025,1.2748870691098593,-1.370163710451883,0.9970820879281382,-1.4406401205563457,0.5992868928921287,-1.4407966989723522,0.13614242509397853,-1.3422175164669288,-0.2775653363360296,-1.113728815006524,-0.6428430046866891,-0.7481445848535386,-0.9608873876613989,-0.245453820280771,-1.2459552622960501,0.320114304298245,-1.46057372505669,0.9354647860277451,-1.5610922850433928,1.375503210036234,-1.5759931365464859,1.5896795420603456,-1.5521930484725148,1.6207260774687684,-1.493234661124241,1.542089737685783,1
-0.025568754721164166,-1.394856727617056,-0.0008068247668696773,-1.3954891076808866,-0.003469381494241542,-1.395423219697017,-0.003849151419842252,-1.3876215856333423,0.005296116121599573,-1.3858662146539593,-0.030518705630759094,-1.3750852068121044,-0.30991329483149344,-1.3948580639674595,-0.883903628905214,-1.3820214176851167,-1.4478490857584592,-1.2326138850341952,-1.7389889281945787,-0.8446823065577512,-1.8915812431987915,-0.3777232784783086,-2.021800020629553,0.3715911825150472,-2.0214503503998733,1.1722026377145367,-1.9700684310511538,1.6538707287130778,-1.9060752182832947,1.9153836387542842,-1.8893287301195614,1.959636971985499,-1.8149134202728407,1.6011528701887743,-1.676149610706323,0.7766948424270373,-1.3199012186840966,-0.03115163213461565,-0.8501567134705906,-0.5827192135329001,-0.2565624383662109,-0.954456141116566,0.308115186358163,-1.0738199565833615,0.7432213538271388,-1.156904116477872,1.0834471105067958,-1.1467567191042825,1.2428499760360263,-1.1131319465252458,1.1970550644844498,-1.1710243875946458,0.9624322385123436,-1.3070493228200497,0.5370923483528126,-1.4005704343217817,-0.04034750553610614,-1.445929986797196,-0.49951291623030725,-1.1166495135468781,-0.7957359849295947,-0.6177317151480722,-1.0501752931547244,0.028948690219171663,-1.154624689460108,0.7377738993044658,-1.1983312035649352,1.17831224873453,-1.171396131080292,1.4274160461871572,-1.1003051960020973,1.491310622192908,-0.9937668606332445,1.2703107370708029,-0.8315259515537591,0.7439372457561118,-0.5306738214162727,0.13785056808785986,-0.16905655652767124,-0.39567243404084573,0.19043171073647738,-0.8506071702990903,0.52971679844359,-1.137424815809516,0.8331397492750207,-1.1426663924269607,1.0589676426103733,-1.009041941569681,1.1891356422009325,-0.898755018980724,1
-0.09427418034514998,-0.403405114624838,-0.1552674097202054,-0.39128344718885644,-0.12350879912294999,-0.38847317866576636,-0.055342156062527306,-0.38736930115243734,-0.01180941326333815,-0.37827316490129065,-0.11534920550444301,-0.36946074633308446,-0.5781391580665984,-0.4045744876018446,-1.0932965506105436,-0.43013806678599986,-1.4328661789990456,-0.45539009623904536,-1.6275415503015842,-0.43410198579662324,-1.7368909992413184,-0.39279989532947124,-1.7475635016949018,-0.34544908927278256,-1.7270649453665243,-0.2570095558521431,-1.6088393335656586,-0.20913488272115124,-1.4620692063173493,-0.21534721467531645,-1.226032579576518,-0.2531975309613091,-0.8815090227888346,-0.3408263022351901,-0.49112449730049174,-0.39221897217089396,-0.08172956066995932,-0.4385258143943827,0.3047311816803298,-0.4732237870906588,0.682112396865982,-0.5011732858366853,1.003823815585098,-0.48940622580690124,1.2183437360682892,-0.5093479942646936,1.3308544524573664,-0.5105629310698709,1.2759210429925112,-0.5514698317197263,1.066286878776298,-0.6086952695776612,0.7430636404585533,-0.6638961820986217,0.3574700252908344,-0.7077654015257224,-0.05195651946955257,-0.7042045492924439,-0.4282797546534679,-0.7125211064606505,-0.7232481439952826,-0.6954796023661994,-0.9291095646307381,-0.6683573183000114,-1.0463686500541312,-0.5721824534243614,-1.091514711362229,-0.46752073497436264,-1.054860242798035,-0.38912065919281474,-0.8961071967298275,-0.36698235557831876,-0.6464938357703461,-0.34085408910402853,-0.3389019797075401,-0.31410892058280554,-0.01842149927877873,-0.3022441984614673,0.28382677608130447,-0.2912546602064625,0.5344017615233596,-0.2809479310162695,0.7802273380966062,-0.2432377633856459,0.991872268934783,-0.18183788496364622,1.130487925703596,-0.13718613904715513,1.2146702859760212,-0.09425117339620656,2
1.073274221763751,-0.20245240007089854,1.0809498926132106,-0.19045388361369767,1.0940845256279224,-0.2004929308124003,1.1123948957740821,-0.21400606608515754,1.1196371573486,-0.20363763199962712,1.1402650082411931,-0.18178588590154116,1.081394623868465,-0.16037330031840777,0.8231274143251524,-0.18179735033241748,0.4441116429134004,-0.2150984590779652,0.07248121861818954,-0.24341431946565636,-0.2543706258720674,-0.21148889267782575,-0.5434254038328181,-0.16236656399460306,-0.8099569436450134,-0.1111651483714561,-1.0834357708121984,-0.07112342702610387,-1.2888559165654097,-0.025332667280623247,-1.4000220351177266,-0.01955194308174247,-1.3592985583547184,0.013546777284800917,-1.1584334742266587,-0.026925514719861054,-0.8317971598228862,-0.04627336178009813,-0.42465515971974793,-0.08232308824966567,-0.0005602105756128377,-0.11258517536993355,0.4041092106066075,-0.1554349133538024,0.7548447765452699,-0.2025760114017657,1.0834471105067958,-0.20100904097886296,1.3861959455681003,-0.17700391331358517,1.6111637094456375,-0.16211877814104708,1.7300805840926659,-0.16543339585637437,1.7270104387372227,-0.18826365005347598,1.600132478955534,-0.20978767423865552,1.363715895798509,-0.3239696707058744,1.0761485620571503,-0.3999435539778468,0.7296912317276466,-0.420414392740344,0.3728363145650568,-0.3763947468990242,0.012112549833797148,-0.3100534493913061,-0.3326388617743534,-0.2388390796753951,-0.6011871110491139,-0.16930493841413807,-0.7767071945275008,-0.10510975551859916,-0.821013461119465,-0.06993089803438546,-0.7355323803521522,0.0384980706227108,-0.5615831949929875,0.08151872485188169,-0.32059499100864286,0.10399111822820566,-0.019473636965934925,0.09589529716420876,0.2635275231601987,0.08841337326110134,0.504558311741641,0.06285725732512602,0.7207950551674966,0.05572808931582246,2
0.987436823083655,-0.3364401691355211,1.0122415634443136,-0.3109400532355455,0.9911556010585506,-0.32130837551420877,0.9406923596034743,-0.3206512465801839,0.9310331856846322,-0.2976587563933442,0.9366542634564781,-0.2890038385740061,0.8131687606333601,-0.2960406265869838,0.5010036711530171,-0.3473578279681393,0.1438324545952049,-0.3705920566006458,-0.08082196183190256,-0.40477029492910227,-0.35754188724482444,-0.40794177892024974,-0.6507407060277448,-0.3759628434858122,-0.9344663404447612,-0.28617843734828063,-1.1709841671477867,-0.19536354524142954,-1.3429920675641573,-0.12031062679293515,-1.4543831994176775,-0.07453436096648922,-1.4370822581450522,-0.04315781432320176,-1.273468286721106,-0.041570077036888746,-1.0103583041805622,-0.07645164120190183,-0.6191791344404065,-0.1292689990315023,-0.2077821024947382,-0.20973220298662118,0.17621642048190916,-0.27236093872885075,0.5114718740656292,-0.3048333390227414,0.8135376201814027,-0.32135396585225695,1.110508689129128,-0.3301577534942237,1.3714314258660658,-0.3109537912070419,1.5655966598347064,-0.2940779164974897,1.6932913532125022,-0.2984486248354924,1.6582978492852898,-0.33340858048944744,1.458632089561963,-0.3861432717960632,1.172736580942061,-0.4465788467430849,0.826593893441778,-0.4979300265951214,0.49309316707003026,-0.49685947529933133,0.17825790358734608,-0.46752073497436264,-0.12293448813155315,-0.38912065919281474,-0.38567084243177,-0.3142607863692084,-0.5922429448103427,-0.20985357728207266,-0.7581552708937899,-0.16485971889554246,-0.837961659820092,-0.10347787482903009,-0.8132081716125885,-0.037779064871300345,-0.69403367243901,0.011664282155744724,-0.5012170111922852,-0.04283490022882884,-0.27803616465707975,-0.09175413222206369,-0.014113993379798804,-0.13718613904715513,0.24391357004377184,-0.1487997976190419,2
0.7299246270433652,0.7487739431589381,0.7203643201531839,0.7602473568590291,0.7167671242780091,0.7796027890969411,0.7002732965476287,0.7729371764214902,0.7082181552507921,0.6965275774735541,0.7669932637091111,0.4752498986277786,0.8634340274108597,0.24657007489065982,0.9519269570202396,0.05271686114942722,1.0447476511910332,-0.1585664326523656,1.1175075041487537,-0.3900727738032604,1.2023569321539938,-0.5891875148322797,1.2449985926540252,-0.7726416482552009,1.2960489654591425,-0.9132148898991563,1.324739348301115,-0.9129634986761118,1.3641513840340342,-0.7988753819753417,1.3835843883325083,-0.5693167456679956,1.4074802816024903,-0.28412171062718744,1.4302066884263136,-0.012344075516268888,1.4183440860521797,0.24038770279245453,1.3867118682121988,0.49615860949947316,1.3647850043075775,0.664521105298907,1.3156803711053993,0.846334759939641,1.2879045287267974,0.9221073536562981,1.2746281540634292,0.9683424790409497,1.2759210429925112,1.0144050287349338,1.30601916235587,1.0287756831027999,1.3901131212003095,0.9118602707867436,1.5137270664423041,0.7406909089420648,1.600132478955534,0.6400059313114703,1.7434420258579908,0.4531332008036785,1.9215278611532625,0.16001594834596927,2.097909240180992,-0.09502277256066187,2.237066249907148,-0.3312529966237471,2.3262449179565303,-0.5104270153805822,2.3932168692557383,-0.6486174737658849,2.416099293476317,-0.7359764053021252,2.381064934298525,-0.8124559316630707,2.3233591287298965,-0.883799041824883,2.2660056523709855,-0.9268770297469882,2.1758530425863807,-0.828030298307582,2.0281564872448277,-0.6196570443310898,1.8786082089156553,-0.30491042914942534,1.7202170147093667,-0.0016703794804811764,1.5776399477318126,0.23437594717765622,1.4446141556954832,0.38301983465283496,3
0.09462135677092616,0.7487739431589381,0.10225566898647634,0.7602473568590291,0.09945954307513118,0.7662046288827702,0.09922563890801483,0.746261477572653,0.12530071087395445,0.6965275774735541,0.15607330391559512,0.5825257756398836,0.17618650060815166,0.517904727427812,0.21110062806039037,0.4390246422994446,0.2939720487543022,0.2512602340809503,0.33723177696127704,-0.06742417426053136,0.36439034995782443,-0.45323689621335345,0.4103925089554019,-0.8183793273563731,0.46949857391591554,-1.0882281788759804,0.4928315098181476,-1.2855646209629574,0.5303314947110246,-1.3960639595015203,0.5789604538700475,-1.3252953034526571,0.6185559468752705,-1.063779227207199,0.6363237296034645,-0.7283495512147425,0.6682764868992527,-0.40834753497257903,0.6937791311216464,-0.03544472554089611,0.682112396865982,0.2759329948321556,0.6799370012119559,0.5624952103709704,0.685283983886761,0.7517520936743415,0.678524729932467,0.8995527256873921,0.614157589377059,1.048447384953674,0.6195002727161321,1.0949404560740488,0.6882356657058998,1.0565506252659245,0.8176978191136096,0.9611288739226295,1.0184186253267198,0.7791128258183017,1.1857250243649073,0.5774804029840561,1.2935496491659144,0.3778041095161951,1.3714522704183951,0.07540451914422813,1.3951439216148327,-0.2559950642483929,1.388701656986079,-0.5820199155396633,1.3564389277678561,-0.8534771691268901,1.3044458545891418,-1.1050273897658986,1.2308001800555513,-1.3494731485919536,1.138969935831117,-1.5891436200383051,1.0571918599323833,-1.7076527366783547,1.0185134323817107,-1.6332259632858612,0.9864403939976419,-1.3125739401285146,0.9632908165664474,-0.8598978198725082,0.9451890735238976,-0.3769869216802924,0.9158808448252892,0.10576780068276051,0.8825878411562046,0.4648427709870885,3
0.2491641810750079,0.8827617122235607,0.22245085980648524,0.9075146577986474,0.2023884676445029,0.9272725549206585,0.18507690699331825,0.9196247126399325,0.22819977624137258,0.8845698262609883,0.3427530389013219,0.7434395911580397,0.41087329790723515,0.7078389842038187,0.5010036711530171,0.6873057617488381,0.6242946822325666,0.5903913429299851,0.6995258063238304,0.3724878373681176,0.7511492839023383,0.13599122903468747,0.7799861631545857,-0.08611513068040115,0.8091920528199771,-0.3153473188444178,0.8321593601272546,-0.5679646675282753,0.811929053680726,-0.8260203173174405,0.7747056183916912,-1.10536563191367,0.729659104478303,-1.347240949187161,0.6593425881532837,-1.502743906841021,0.5968766497896686,-1.494700414288345,0.547901862841631,-1.2706963377242801,0.54799798506431,-0.9220737985776698,0.5840049886070832,-0.48940622580690124,0.6041596830602142,-0.06630652729346702,0.6335785782690614,0.24612435581925995,0.6582903580396782,0.4867852701481548,0.70666028275082,0.6483639646374348,0.8198341449209032,0.6867323596647917,0.9636590929426488,0.6619290565978826,1.1114711877880759,0.5627762398794153,1.2568968309360822,0.3598727991683948,1.3780875790755256,0.05115546667495295,1.431985134680389,-0.2809799667304122,1.455272347867319,-0.5721824534243614,1.4480918720648952,-0.7680501716525087,1.4263604607372102,-0.9354328479449878,1.4065448542252763,-1.1050273897658986,1.3610135388127056,-1.3102012888924126,1.3171403922638927,-1.4670839077828794,1.2723251242543951,-1.4805525526577081,1.1996355464455715,-1.335045904631105,1.1240284143123949,-1.0045960935755651,1.0596295287734336,-0.613273757968323,1.0105552023618898,-0.18183788496364622,0.9337724734982541,0.20578949886890108,0.8400154264484277,0.5057247852534464,3
-2.394929505051185,-1.6494045497968444,-2.4217545677825894,-1.6365192895408192,-2.4384787201870832,-1.6371121097942016,-2.44230926437843,-1.6277028752728753,-2.4290068376953724,-1.6142446865609203,-2.355155123575676,-1.6030754076326459,-2.2712120059376826,-1.5983297515719936,-2.140011386268357,-1.6027687211994122,-2.0184416488760237,-1.6565430335216293,-1.9340758702335121,-1.7245696811992122,-1.8271325288916496,-1.7676437653283612,-1.7475635016949018,-1.7489499741986667,-1.7157671956804166,-1.6715428090546762,-1.7292678968508122,-1.5615279161734872,-1.7869420959199698,-1.477440137157748,-1.8893287301195614,-1.3939936376779833,-2.0482645196438423,-1.2905363575791584,-2.2398439840309754,-1.152095011707016,-2.4509731210338574,-0.9817348439868467,-2.6250701370930116,-0.8329172761745175,-2.743351188775226,-0.630702655992269,-2.7744836155734656,-0.4226119633162815,-2.698689805391947,-0.21965570903176304,-2.594229594163842,0.039755095758588134,-2.473881797225188,0.28253113283571407,-2.3229247589978854,0.48295203220931293,-2.1631592156911306,0.6385253956664477,-2.011107114872485,0.7721820467964312,-1.8204364088854121,0.9027337320690935,-1.5913252420355226,1.0592922403741152,-1.3391762670073315,1.186664367463126,-1.0744009585832575,1.315052207707803,-0.8057927646654334,1.3701486776564027,-0.5693348347756501,1.3929672999887004,-0.3210153855787589,1.3864677084623485,-0.10206902609613047,1.359506699170132,0.0588238489754307,1.3489110441639762,0.20612188002508233,1.3950200411809963,0.2991410445111728,1.472363126632085,0.3844559540759919,1.5279078017656638,0.4361391207224983,1.5206226944783492,0.47188368320454604,1.498848541563793,0.4689432382308464,1.439539954157708,0.4508834257227452,1.3205992411213425,0.4142472541227683,1.255738914416665,4
-1.4506293528703529,-1.6092371581204519,-1.4430603441558545,-1.609738158223049,-1.4610528860980796,-1.610257788672292,-1.4462747487124286,-1.601027176424038,-1.434670391220727,-1.6008379706751494,-1.4050008897267992,-1.5762564383796198,-1.2989257508053271,-1.5576588554897506,-1.1415859719183326,-1.547581895320838,-0.952326319720443,-1.543540030374993,-0.80541002055701,-1.59260874798745,-0.6797854587805342,-1.6165512631186567,-0.5910731514472226,-1.657408711559577,-0.5495233252331281,-1.6132050460624014,-0.5361309608823496,-1.547756578693765,-0.574169149605725,-1.5181868543559311,-0.6497592649552167,-1.5726568076728031,-0.7704058651858021,-1.616557141295148,-0.9398435383853482,-1.6634553536477135,-1.165160537224187,-1.6908266405954877,-1.3972121822811272,-1.7084753992740433,-1.6218446295596445,-1.71540622064829,-1.7909169368883402,-1.7416904494566323,-1.8990103052945155,-1.719282608700072,-1.9644020200137655,-1.6454452874222418,-2.0106587835105634,-1.4875243393240027,-2.028654085170364,-1.3198594006606403,-2.042503651809387,-1.0980367080203115,-2.0335671597917053,-0.8495095295786371,-2.0065415338081247,-0.6115556195537294,-1.9473069849027245,-0.4016531010097063,-1.8584539354402976,-0.19774528894816198,-1.7282435306789337,0.07540451914422813,-1.5635228601285176,0.31621239565306697,-1.3882203726444162,0.5485667556253759,-1.2063267849323378,0.7581998408920769,-1.0095244657110367,0.9245822205649536,-0.7984187713646482,1.086910020520064,-0.6428430046866891,1.2864964756039208,-0.5203991160301402,1.5290921761106422,-0.38040904929624414,1.7515589496700301,-0.25180098085126645,1.9363595283781192,-0.1254761083084716,2.038451066421398,0.011428612678666702,2.0550798370017387,0.12000387426948328,1.978025810433704,0.21837892626868355,1.8965968873326766,4
-1.364791954190257,-1.6360347119333765,-1.3572193179202945,-1.6365192895408192,-1.3581239615287068,-1.6371121097942016,-1.3604234806271251,-1.6410119172471331,-1.3489654849241786,-1.6277094401777983,-1.3200826644137427,-1.6164559300893395,-1.231847618933285,-1.5983297515719936,-1.0932965506105436,-1.5889422162276745,-0.952326319720443,-1.6141745385547113,-0.8332898752723232,-1.6659062994641705,-0.7442341730876759,-1.7072067644444795,-0.7103466205725428,-1.7489499741986667,-0.730697083152837,-1.686158749674771,-0.7879104148558682,-1.616732498451506,-0.8773763820868193,-1.586019878526144,-1.019437668715794,-1.5451655987304296,-1.19264382195017,-1.5032091941391945,-1.411521957765373,-1.4297104645961887,-1.6175646775306054,-1.3438090171793275,-1.8227137360319696,-1.2394215798940778,-1.9753445054034318,-1.1325939952128252,-2.0547764802844193,-0.9569660632412403,-2.0496953987795714,-0.7308687277503069,-2.009406316763411,-0.47616805439309207,-1.955521332222769,-0.19406185422664746,-1.8870120261999654,0.06945792725832345,-1.8122488374655148,0.31691409406365983,-1.7417026484254077,0.5517440818158665,-1.634271133631438,0.7327216109995648,-1.4726033060741235,0.903858237648643,-1.2666884260730193,1.04669129133922,-1.0501752931547244,1.160087879233011,-0.8298565712421785,1.249748995005772,-0.616822465427514,1.3070929145647252,-0.39087669328285085,1.3454603673690595,-0.1701545738144261,1.359506699170132,0.015456797566865119,1.401311248892759,0.17469278491224455,1.5306744981523406,0.3093627874984076,1.671068121562383,0.4247284379270197,1.7813833971008257,0.5147390717664135,1.8439661744122346,0.5971638596267642,1.8072118703826907,0.6557242961881518,1.7097912123824555,0.6923510654098189,1.549290827591383,0.7207950551674966,1.4329924892401122,4
-2.000095224462697,-1.5422143345451462,-1.9925494366047882,-1.5427564086205046,-1.9926306911953737,-1.5430929855207347,-1.9958294017093585,-1.534309121851785,-1.9832881471417594,-1.533630278052974,-1.9310026242072598,-1.522618499873568,-1.8018384113395156,-1.5169293558108476,-1.6085779790138375,-1.5199884823815513,-1.327752936759429,-1.543540030374993,-1.0422807241847845,-1.6072429177291292,-0.7571639048101019,-1.6316931467094347,-0.4838194892880201,-1.6726985408844643,-0.24378163295053076,-1.6423739275585387,-0.021649725532101288,-1.5753588698327747,0.19465376835270795,-1.5181868543559311,0.3941212519897587,-1.4901831808456831,0.6074111627103338,-1.4465046025311918,0.8204151177473704,-1.3858399007585407,1.0254603271983203,-1.2985741879812032,1.216511246711862,-1.1925432171853083,1.3647850043075775,-1.035446967596137,1.459609395834494,-0.8567746695053106,1.508090500320269,-0.6286114001293308,1.5557596460331136,-0.3557488425290354,1.6178074524254127,-0.10891920087610506,1.6765759729558334,0.13562270022957212,1.752023113802362,0.3973516507064308,1.8392526270415415,0.6147263575245996,1.9491848512653274,0.7482075992556034,2.01641044606071,0.7640012062546228,2.0784911963030126,0.8444930263095355,2.146360571038058,0.9586007825983999,2.1528740170779166,1.0238451063803575,2.0651856564272273,1.0924378633105547,1.962184645774543,1.1132821124020218,1.7808687569693598,1.1618292820059513,1.6431518331641626,1.2048387750068708,1.4534234512445594,1.3000912203198396,1.3235397639883655,1.4013444895551455,1.1996355464455715,1.4980833543348682,1.065091153025425,1.56678611251458,0.8862298094391428,1.606809007225874,0.7024074915990366,1.6047259284073916,0.5402953374889334,1.5063802842337486,0.4057063560324803,1.3921104749737536,5
-1.0214423594698712,-1.5690118883580706,-1.013855212978053,-1.5829570269052786,-0.9980057086425816,-1.5968016277645534,-0.9654366226007375,-1.601027176424038,-0.9203523237555021,-1.6142446865609203,-0.811099665171643,-1.6164559300893395,-0.6452172899386406,-1.6119257859971814,-0.35247022165069347,-1.6303025371345103,-0.03635058472396123,-1.6282770203088295,0.25359221281533845,-1.621940438854971,0.5190805939152979,-1.5863327626767156,0.7442349424348512,-1.4896160156062854,0.956355486555081,-1.3361321717211223,1.149585963259973,-1.1475531652679098,1.331680890156812,-0.9753467758840199,1.503212679573766,-0.789246417206983,1.6519187177973724,-0.6101424943431774,1.7753111259096557,-0.3776375329673018,1.8231073005630651,-0.18204302924363341,1.8243436730522453,0.011433637167873448,1.7670652160228375,0.21116830975436335,1.6395051738349697,0.31205279204760944,1.473340061266061,0.3597288614340985,1.3083523040825435,0.45241932888926956,1.1876555056672728,0.5889123388043748,1.0880909666130303,0.7145287376086839,1.0062605988885598,0.8314921766281206,0.9748600972563682,0.9296377360682629,0.9835314331951187,0.9953826618078081,0.9720868946400546,1.043715269042664,0.9432854048579978,1.108916480244999,0.9597411553706917,1.113565111073192,0.8539259049637016,1.129284266605465,0.7479254108257886,1.0924378633105547,0.6342175467441742,1.072333774677213,0.5217845971831359,1.0563861435877298,0.38438529700118196,1.0476381608205232,0.25852176791148557,1.083044089165688,0.15571886829649814,1.1316208575479072,0.08251638845904723,1.170014432596118,0.013518310907832384,1.2280769991997598,-0.019473636965934925,1.2522244796596085,-0.05393751615932565,1.2443909174410617,-0.08563427647302185,1.1776669995775675,-0.10520664570873313,1.1330339638160536,5
-3.236260285495811,-1.7967621567249343,-3.2287667389382038,-1.7971482348312038,-3.22724585360113,-1.7981800358320899,-3.232194199388718,-1.7876994534655755,-3.217545153435182,-1.7888802194625837,-3.1696858281539075,-1.763931298811163,-3.0590767305484543,-1.7339970778405698,-2.8325482939204174,-1.7269092809241093,-2.544007860074107,-1.7272385914059107,-2.240682231133697,-1.7685355418084117,-1.9689596892283592,-1.782720382179524,-1.7356669748002316,-1.7642398035235545,-1.557247474696064,-1.7007116905508137,-1.433742540894482,-1.616732498451506,-1.3646577246856832,-1.586019878526144,-1.32390516183734,-1.6139233092169707,-1.3148917637181392,-1.6732617329031512,-1.3540045515181494,-1.7073259174853614,-1.3913626073773961,-1.781361478860898,-1.4337286376325657,-1.8805203413766887,-1.4267863097635094,-1.9906211620965744,-1.3831283687631666,-2.1424560244003517,-1.3080131831726107,-2.2475753250486132,-1.2108998474315233,-2.3505031158008736,-1.0952744577874483,-2.4065944316226013,-0.9825085995051484,-2.3950012353241177,-0.8471177244979218,-2.3682971556251022,-0.6977458318700369,-2.34523655453624,-0.5289486463723031,-2.311209580603361,-0.3333635608900138,-2.3444774219013955,-0.10732002098323382,-2.359902608853492,0.10007432506050329,-2.3418381873582415,0.3007070752135737,-2.2434679456044346,0.4630609804425804,-2.0703856136654997,0.6109103690877232,-1.9051532089064278,0.7259825964554053,-1.7639900701398123,0.7859092128240835,-1.6638743769646485,0.8559455155305118,-1.5891436200383051,0.9035479407304738,-1.551509861032509,0.9379684646796546,-1.4692237102430852,0.9275031327106722,-1.3741695094391044,0.9343991655426356,-1.229933814455185,0.9265061400967909,-1.0675641709188592,0.9069581462881258,-0.8803720532857814,0.8825878411562046,-0.7215014441572775,5
-0.23159626489334945,-0.21588011602035556,-0.24119720640688752,-0.2172350149314681,-0.24354821675165844,-0.21394909172013918,-0.2442682144756878,-0.21400606608515754,-0.21751891431224152,-0.2573225332738173,-0.21719844061648688,-0.3828991931294171,-0.17584369534047356,-0.5537792446989483,-0.12700857871708232,-0.6922456912071316,-0.09643747504409637,-0.8369507497595613,-0.1226057234207437,-1.035306621504555,-0.15126601260097278,-1.2237760241130398,-0.1976248034229753,-1.3980747529671957,-0.2777919571351351,-1.4528076977056719,-0.3719564956143845,-1.4511783677970147,-0.49836734148545137,-1.4503538301857182,-0.6171538096357012,-1.4764672645051036,-0.7593185283619216,-1.5032091941391945,-0.9743420860827521,-1.4589364661168087,-1.260380837231538,-1.373987296601131,-1.5187660973408212,-1.2394215798940778,-1.6706249654311174,-1.0516031687332539,-1.7309516775548484,-0.8233775382600005,-1.7251981954733837,-0.543433770138352,-1.67199038131355,-0.18377445914514198,-1.5915685384585578,0.16341964887381535,-1.472903381238778,0.48295203220931293,-1.3077407512720214,0.7993310464678416,-1.0681914823077137,1.0555342720691956,-0.78494845622074,1.2890156891281288,-0.463865657939055,1.541104077764175,-0.09526993200793413,1.7311011714745936,0.2817355164651609,1.810871119592375,0.6374138261517488,1.7917752270574787,0.9733996261301805,1.6648719415255215,1.263270442407313,1.5230605064925116,1.4859486712886458,1.3727155588423927,1.5780732049184494,1.257238979735653,1.5896523221302041,1.205103801421114,1.589887668044347,1.1741829768323595,1.5317534591343456,1.1253099692765243,1.4385298344557922,1.0278581399936304,1.3390317194502612,0.8668036192114524,1.2159709174325375,0.6588789521775581,1.0678903411475367,0.44874343859881705,0.9421980267966701,0.2330405719408059,6
0.16332678239491197,0.13248808354766323,0.17096399815537336,0.13091969219954577,0.1680788261213793,0.14855524307885412,0.16794216579325255,0.1327780189497235,0.15960039932975983,0.10541328614638769,0.17309203915395507,0.04620431491900046,0.20972556654417318,-0.0654354737287347,0.27554202821940604,-0.1955642582999669,0.32401549391437023,-0.3564285251419643,0.3651116316765894,-0.5220337070150225,0.36439034995782443,-0.7252034001908219,0.3507865944106032,-0.9404343442084925,0.2770270663100988,-1.1028441194960752,0.15350365950904063,-1.2165290850256507,-0.021890835642283724,-1.328172306961238,-0.21481373425333314,-1.4352601392221507,-0.4370389450356488,-1.5315002538831444,-0.6982347439942181,-1.6050033506064734,-0.9984788485235366,-1.6154135319755594,-1.2635280161322289,-1.567772763074667,-1.4023961418277726,-1.4725736217389016,-1.5270573934922615,-1.3743941377911506,-1.6556973173649683,-1.2250756682251893,-1.7282166797074867,-0.9748566227110517,-1.7570379114029007,-0.6705813156816246,-1.7780479283285457,-0.3274592583305394,-1.8231917527987744,0.0918556454258556,-1.8427438324160068,0.5202529439615,-1.7971582306872578,0.9027337320690935,-1.6506555325133896,1.245813043644682,-1.3874390586027001,1.5289029064449091,-1.0622568265596515,1.7798782538974165,-0.7336635253139498,2.0176140699332166,-0.4269332963480329,2.1371501490516183,-0.11131101193595862,2.110321032969494,0.20416932892965714,1.9921085949394903,0.4928870789211888,1.8335846440581682,0.719716644644867,1.7205907379122223,0.8932732353443416,1.614277743381687,1.0084192956025122,1.512963370223667,1.0355717143980723,1.3819994045828101,0.9921824675902593,1.1751003468794174,0.91718881154012,0.8991022928217783,0.826468933059101,0.6202621284513465,0.7292919280098967,0.36941213249789445,6
0.14610604263902868,-0.10868990076865731,0.15374253063758725,-0.0966910026933831,0.1508796776575905,-0.10653180723250136,0.1507186435506989,-0.0939366138152302,0.15960039932975983,-0.09615175398903175,0.19002304895294242,-0.08789053134613009,0.24326463248019373,-0.14683586948988042,0.29169400707063176,-0.2645775891502784,0.33899840067378373,-0.3988580698134454,0.3651116316765894,-0.5513653978825431,0.3515272663370609,-0.7252034001908219,0.3030772067604753,-0.9099205899954629,0.23171899243938673,-1.0153374750076634,0.1316024123326527,-1.1061795366491787,-0.0002251785207577305,-1.1924476302507427,-0.16045256995338233,-1.3115200108508631,-0.35925524524531494,-1.3755932449911625,-0.5831404512451198,-1.4442919037997808,-0.8436766154799118,-1.4494655850902207,-1.1541043521617387,-1.4739484895840604,-1.463403073511992,-1.3754265941222135,-1.7069531714927373,-1.207408481564601,-1.8295094271861,-0.952463080622256,-1.8744515716007142,-0.6824630274631016,-1.8673128139784896,-0.38125805062602586,-1.8434038505265018,-0.07937708580767139,-1.8012492230890778,0.26870713006531505,-1.730501644111688,0.6147263575245996,-1.564436599036975,0.8872477438130548,-1.30645395073383,1.0903790409192098,-1.0010245473688866,1.2800021508217947,-0.6990596409876926,1.4234937680227762,-0.4209584005737686,1.47558783788151,-0.1421302194927989,1.507466480554001,0.1100168379024362,1.5503790660985444,0.3175865979108663,1.544032191402018,0.5037709184726272,1.5323117607147152,0.698745851871301,1.517079753436422,0.8625550439837391,1.4865300568261897,0.9279263595333389,1.4682589069040726,1.074897093911964,1.305038201891285,1.1174626440124775,1.1597154810139387,1.0666040026432109,0.9741396592163144,0.9963700580543134,0.7917808183038768,0.9336571287063822,0.6148220336991171,6
0.6440872283632694,-0.1756548462579742,0.651744761435409,-0.17703439664669404,0.6482364966362131,-0.17363860969049108,0.6487802919049437,-0.17396371036174127,0.656812937410049,-0.16330140888010025,0.6821627638354283,-0.14152846985218226,0.7461772930143822,-0.10610636981097739,0.8231274143251524,-0.07142369857526984,0.864564611871867,-0.031399898047047986,0.8806368005209794,-0.008824143909653,0.8671836288958589,0.015117227266923813,0.8276955508047136,0.0054261319586886006,0.7865380158846207,-0.02365850388304419,0.7555332911948779,-0.07112342702610387,0.7144615884389269,-0.09316569145083599,0.6659270734895141,-0.12951677885123597,0.6074111627103338,-0.15656699753920747,0.5443077756588361,-0.1730555223229614,0.4658948796438099,-0.1971647588891159,0.3411847859898556,-0.2543680303523112,0.21888827715625928,-0.2907230294661928,0.06825414902419558,-0.3558177008256617,-0.05639823172019918,-0.4411764425173763,-0.1762080377933573,-0.4933283492361504,-0.2680986503086121,-0.5514698317197263,-0.3395415442266345,-0.575612883092037,-0.4084372274335185,-0.5835280879399987,-0.45080141034217946,-0.5975804267437063,-0.48245244030725565,-0.5960696312976907,-0.5113544323236147,-0.6348376761568183,-0.5300096705312897,-0.6332544134604208,-0.5416241150115676,-0.6219014893749549,-0.5652790596554869,-0.6173242036996385,-0.5930786501015819,-0.5676766056632325,-0.6122045431212456,-0.5120246757357216,-0.6465774761946445,-0.4592166343242787,-0.6790892521589318,-0.40638263886205256,-0.7267261757809523,-0.3547759586554245,-0.7867470200861221,-0.3022441984614673,-0.8635227606099323,-0.2912546602064625,-0.94954702331157,-0.2809479310162695,-1.0311795547135492,-0.2740740962675354,-1.0997955775671993,-0.2568752513581823,-1.1408242837902285,-0.26585602733105435,-1.1696490891468245,-0.2715047482196534,7
0.987436823083655,-0.20245240007089854,0.9951088663776506,-0.19045388361369767,0.9911556010585506,-0.2004929308124003,1.009320105446225,-0.20063940921057807,1.0167380919811817,-0.19017287838274885,1.0384157731291492,-0.16834743910520816,1.0981208247099432,-0.13323983506469242,1.1773885999538507,-0.0852502035470075,1.2099477837507848,-0.059665911259847604,1.2150509751682204,-0.008824143909653,1.2152200157747581,0.030193844118086437,1.1972892050038972,0.051163811059860835,1.182837318345502,0.049232199985273374,1.1605648830331499,0.025454783870646855,1.1367459596732135,0.015355421547490648,1.111778566832753,0.007939265860631074,1.0852581456172736,-0.0005987525871737183,1.0390050535886812,-0.012344075516268888,0.9540604900887355,-0.04627336178009813,0.8396563994016623,-0.09799424120130036,0.6942759689889726,-0.16119365931060864,0.5360079764828612,-0.22222917584442217,0.38397371146674325,-0.3048333390227414,0.2624384928000858,-0.37298342436275633,0.1619962773685685,-0.43228482215044406,0.0854973153090387,-0.4763657236351638,0.03024326963088411,-0.5030905312972277,-0.012975625146842756,-0.5188865898160567,-0.04034750553610614,-0.5342591781722947,-0.08413952787957359,-0.5726640750666295,-0.10732002098323382,-0.5866191206951827,-0.12997559858254257,-0.5753787212151361,-0.1803825151850707,-0.5420662713242848,-0.23710548079652627,-0.48180222023925695,-0.28602450646145056,-0.4164392187988472,-0.32896220794116543,-0.3537734959060579,-0.38606711825603707,-0.3277823317688788,-0.4542142459146411,-0.31410892058280554,-0.561392012776875,-0.3022441984614673,-0.6723065097668732,-0.3061990917484593,-0.792296313239871,-0.3271113490525,-0.9058993782913312,-0.30491042914942534,-0.9970635818749929,-0.27192163770522837,-1.0693040006970054,-0.251531932282175,-1.1185798015966475,-0.23062273395329513,7
0.9359521372155515,-0.0014996855169593674,0.9436220047265388,-0.0029859643893056817,0.9397354664760903,0.0008854772551361297,0.9234688373609207,-0.0006004752944614934,0.9310331856846322,0.011334124021563299,0.9535852732554654,0.03276586812266779,1.014316491996422,0.07023185253984138,1.064657778487045,0.10790368702800103,1.0747910963511003,0.1381961812297511,1.0478438878445995,0.15253183155379293,0.9960810575101429,0.16620972947662857,0.9350108529996403,0.15799490302383806,0.8770956260629047,0.12218590359764278,0.8321593601272546,0.08065936614866587,0.7794025761933708,0.05610213874567393,0.7094384914503847,0.03543047480300462,0.6296432836991511,0.013546777284800917,0.5328280865112518,-0.026925514719861054,0.3825540352934847,-0.06132991155641935,0.20750061984095716,-0.09799424120130036,0.011666385237133934,-0.1449675179088293,-0.15963864110050274,-0.1721695449929209,-0.31133464236787795,-0.21965570903176304,-0.43489552647445895,-0.2697987943324202,-0.5328382432033686,-0.29611539727548386,-0.6228820034796706,-0.3274592583305394,-0.682633800239962,-0.32623904665776826,-0.7426659217084769,-0.32993976268985853,-0.7965574701541869,-0.3488278187961069,-0.8199087558119219,-0.3550564712509686,-0.8681613901697343,-0.38435365783730624,-0.880658233773672,-0.3894215270453858,-0.9140488040714101,-0.3914853608239006,-0.9609544038335907,-0.3530215544090621,-1.0199295889459892,-0.32079475849349315,-1.0549148308565668,-0.287900001764653,-1.102268642553252,-0.2622537820108551,-1.1564377693064738,-0.2598471377942678,-1.2375099971035135,-0.217058631190423,-1.3264481983652237,-0.21672574945607284,-1.4114424046562593,-0.26551577974191015,-1.503259169804349,-0.2586892304020571,-1.5386755460060368,-0.2418937201247011,-1.5253324896637477,-0.23726957902229956,-1.4847377882818409,-0.23062273395329513,7
0.16332678239491197,1.2177021958421224,0.17096399815537336,1.2154687466448868,0.1680788261213793,1.0615441605302056,0.16794216579325255,1.2530421408002341,0.17679455840062946,1.0323919273911102,0.20704178419130334,1.2663226050825902,0.27680369841621527,1.0876488941591718,0.35605214960670334,1.1563937817167165,0.45917218131405485,1.2121825839070177,0.5323187190002103,1.2670093817512573,0.5964590399448655,1.405037714116976,0.6488778071703188,1.4089270168845731,0.684624118457088,1.5659510380403654,0.7446109637916662,1.5020283193587425,0.7794025761933708,1.467521519794685,0.8290667826916426,1.4923457962263658,0.8629943830701526,1.5585938084527462,0.9009513825444138,1.624185763411584,0.9182990199502283,1.6586364758788985,0.9125636080207132,1.684531858974088,0.8771707166621174,1.684459984877136,0.8358962847938921,1.6478659098270791,0.7779717928813467,1.5697370952558127,0.7572531767012266,1.4670310473589094,0.7575605779900922,1.3207127090962107,0.7829464195232626,1.1776106961687947,0.83083375929734,1.0244589575897927,0.9299980437097092,0.9138581594328138,1.053305817458321,0.7791128258183017,1.1738221532659354,0.670740804619339,1.2935496491659144,0.5333670817806418,1.3835338038233225,0.4163260417887709,1.455272347867319,0.3011217817281898,1.4836769182898062,0.19078772866457966,1.4962217684413026,0.08892463222851701,1.4859486712886458,0.0020686288854543035,1.4369760066098565,-0.07890965315420781,1.3800527705845902,-0.15132357221719214,1.3338144693744978,-0.2312255613845275,1.2700863773684292,-0.33602353917925454,1.1830164835832324,-0.4503024876736797,1.127076589956608,-0.5669859580700218,1.057238397772775,-0.6772660974855669,0.9784784293813485,-0.7660262600507615,0.9081224849312933,-0.8442063947578886,8
0.16332678239491197,0.5478212286049989,0.17096399815537336,0.545998306316867,0.1508796776575905,0.5513700599074952,0.1507186435506989,0.5462225436565364,0.15960039932975983,0.5621702299603102,0.19002304895294242,0.5825257756398836,0.2599908333216719,0.6264385884426734,0.35605214960670334,0.6873057617488381,0.4441116429134004,0.7317214089939842,0.5183427711584252,0.7977656792550878,0.5835293082224395,0.8611699729016551,0.6369196402399246,0.8902590996998103,0.6733263687709803,0.8513449412570259,0.7227097166152777,0.7706570284443385,0.7685977394376746,0.7482100474140955,0.796405111069852,0.7364266147029188,0.8407622620813353,0.7364997022568103,0.8664528348470102,0.7182428393857976,0.8944785570524623,0.6930618941195078,0.8882402548003923,0.6369287937719171,0.8649441208493713,0.5835302788193361,0.8238660259410513,0.49570094788035024,0.7779717928813467,0.3938146373077565,0.7572531767012266,0.28051923249603883,0.7685652606152673,0.14636170796075346,0.7938202927855087,0.03637554077269892,0.8527195899638599,-0.05290417153747243,0.9636590929426488,-0.14099293556366072,1.0998621738546295,-0.20978767423865552,1.2213109276504948,-0.30839269937442293,1.3539249654307546,-0.3999435539778468,1.4562108001089213,-0.46693716090016285,1.5274637675975538,-0.5119500892242078,1.5785908260655594,-0.5390518105219075,1.6010739552627022,-0.5257134572229777,1.599365940269855,-0.5382989881379444,1.5563616280813024,-0.5635266653543084,1.5058233391309632,-0.5853592364879255,1.46696194020304,-0.6145299497531583,1.4109880392141445,-0.6640280452648063,1.3402671936549309,-0.7274825495713342,1.281248417402638,-0.7674554223777718,1.2253365223029733,-0.7973129126941121,1.148379554376561,-0.8231991566682714,1.0784561690102898,-0.8442063947578886,8
-0.6265193121816108,1.2578695875185144,-0.601694008415792,1.2422498779626572,-0.6035778142333317,1.2495244083835717,-0.5705385456168378,1.2397330988259767,-0.5946382279542429,1.2607703992980712,-0.5395894303122323,1.2797610518789229,-0.4607957594170567,1.3318500814426084,-0.33640150042241185,1.390907993198561,-0.2165336240431265,1.466576702822216,-0.09472586870543057,1.5749604601681437,0.016353963078925914,1.6618623345036663,0.1123629362314104,1.683550804801842,0.1864694561318148,1.595056919792451,0.25203097561780585,1.4882569818790206,0.32459172747172915,1.4268334309665713,0.2962486697289372,1.4511386709434133,0.3074211477139351,1.487743686972768,0.3371975289651104,1.5072817573291037,0.31115419818390067,1.5228668084153631,0.2804078284600081,1.5281580698230772,0.267668613027732,1.50639207104554,0.23618167981540153,1.3973513594707907,0.21016160164561143,1.262965112392885,0.1949320476756176,1.1059219857480642,0.2061290460311877,0.8952200191656519,0.2271393742794371,0.697951818246556,0.27149769835119414,0.5098808750253327,0.34626902097711426,0.34708569347075174,0.448313785631352,0.16100829456434138,0.5448719901960135,0.0024081639587132785,0.6414088235337954,-0.1666326944952725,0.7418353637512519,-0.32743579565546865,0.8178612852879596,-0.4517177250240542,0.8784243648264528,-0.524770325257013,0.9137832280910664,-0.5939803545538197,0.9301219518450582,-0.6568940514884597,0.894410994744091,-0.746927381905047,0.8664580059648055,-0.8566681504306143,0.8215621472370043,-0.9978343381217892,0.7769305609084257,-1.1560992200463323,0.7211211022385429,-1.297141788854155,0.6646109208099386,-1.3995003447301124,0.6183584293339373,-1.4579270994657165,0.5671558962977004,-1.4949498210295122,0.5164298544710112,-1.5396718996982721,8
-0.2659489777053428,-0.48379777606361163,-0.2754626005402143,-0.4849884854929339,-0.2777692028703309,-0.4824343022456653,-0.2785376968758202,-0.49407209654778517,-0.26892413215298466,-0.4722942892950078,-0.23412945041547423,-0.46335610088849555,-0.17584369534047356,-0.458841418109275,-0.04649845732978502,-0.43013806678599986,0.11378900943513692,-0.4129605515675639,0.17002468963765616,-0.3900727738032604,0.20970010600035163,-0.39279989532947124,0.3030772067604753,-0.36073891859767,0.37894096373763153,-0.37368508183669286,0.39430419370938236,-0.36097729207548696,0.4545856702008839,-0.33747010952972717,0.5136933269287411,-0.3494464503902233,0.49630800510730133,-0.355033068167217,0.4867903694116127,-0.39221897217089396,0.525415261096369,-0.39329098519625816,0.5235785096213094,-0.42634542438188927,0.46266390913411054,-0.48494714443490555,0.41607745781587724,-0.5394658566584025,0.4303475732390823,-0.5775195460120108,0.408615239607074,-0.6309078559432649,0.37154139989457097,-0.7046236719003649,0.4233198234977846,-0.7078709767959044,0.5127521270715035,-0.7121031460969661,0.5707533975857522,-0.7077654015257224,0.6460880748187724,-0.719690537548483,0.7940960232064538,-0.7436079070057451,0.9070727022379278,-0.7888173857248676,0.9597411553706917,-0.792328781079845,1.0223103706221646,-0.7528145002751462,1.1276423954567762,-0.6678324763521024,1.146794779390318,-0.6212989141598524,1.1003064991994889,-0.5910205573470548,1.111414558584106,-0.5242548056547673,1.1075408407182792,-0.5039665623051189,1.0264736685717812,-0.4725540043014175,0.9581047066051688,-0.470201344791235,0.937309073597211,-0.4348703363993203,0.8669521043594614,-0.3974194277950947,0.7584562918803577,-0.40701483926081966,0.7191653926199478,-0.3658777255171953,0.6696817423694312,-0.3806019966653241,9
0.1976794952069044,-0.510595329876536,0.13660983357092435,-0.5385507481284744,0.08234905001579446,-0.5629972656113933,0.11636038010808053,-0.5607325362197167,0.17679455840062946,-0.49916575879765634,0.17309203915395507,-0.4767366233451888,0.1594602997666735,-0.47237884893780263,0.24332132813989774,-0.41631156181426215,0.3841023842345054,-0.3705920566006458,0.42079930013895855,-0.3754386040615813,0.46749496322891976,-0.34750477803636753,0.58927189262552,-0.2997114101716103,0.6506723318356245,-0.28617843734828063,0.6351047279097247,-0.30577270979746757,0.7144615884389269,-0.2696370853595145,0.7637996557503363,-0.26697282356310303,0.7408038886432396,-0.3266807723632155,0.762897711500147,-0.3338300922430894,0.8349581755999032,-0.2876995971545266,0.8274632972705448,-0.31691754601271543,0.7552829006731914,-0.4040262582199972,0.7159657661269081,-0.45600909456159155,0.7548447765452699,-0.4582561401473737,0.7010268783072893,-0.5277232259129288,0.6582903580396782,-0.6195545441572065,0.7175341560130668,-0.592118350215534,0.7978916152112062,-0.5835280879399987,0.8401578640328298,-0.6133600033791554,0.9485840907322566,-0.6115556195537294,1.138236249980348,-0.5881739042802729,1.257274510851672,-0.6021418190075317,1.2987752741327963,-0.6528943550699131,1.3951439216148327,-0.6022986355244383,1.495518149188785,-0.524770325257013,1.507905469902159,-0.48470611612968917,1.4746304019435719,-0.47242549399653955,1.4695153207327132,-0.39325429383281124,1.432452658470994,-0.3547759586554245,1.3338144693744978,-0.3590345766421636,1.2700863773684292,-0.33602353917925454,1.2419537448702016,-0.26551577974191015,1.1463542950362888,-0.2740740962675354,1.0198725309185612,-0.3169310865192372,0.9605868007083831,-0.2944424756398095,0.9336571287063822,-0.24423043610823558,9
-0.5750346263135073,-0.04166707719335163,-0.601694008415792,-0.043128740057842584,-0.5521576796508714,-0.0259688438667734,-0.5361802821742184,-0.040585216117556264,-0.5604271691843694,-0.04240881498373422,-0.505639685274884,-0.007433623587051697,-0.37699142670353647,0.02956095645759869,-0.28811207911462194,0.06654336612116488,-0.17150727212364503,0.10993016801695114,-0.011158345527749067,0.15253183155379293,0.11945857635002054,0.1964282299185693,0.17196885077620844,0.20373258212501028,0.2657293166239911,0.19507660746596034,0.3505016993566059,0.16346623956569456,0.3571182049590843,0.16468188011407028,0.3832152893484038,0.17288651951487166,0.4407564263057848,0.19780608198078392,0.4637715108617928,0.2214639366486917,0.4658948796438099,0.22533115301613368,0.48706205426987087,0.21475333710072128,0.46266390913411054,0.19501210861724694,0.39207895175376595,0.16180176746017833,0.3955372196347813,0.13820812794848478,0.408615239607074,0.09131026727842445,0.3936077842258809,0.027250223998855152,0.43419369676003067,0.003293154287074384,0.5127521270715035,-0.0046277450549804455,0.5819544018994716,-0.04651952200056161,0.6577572390834799,-0.07074752968120412,0.8059375392997612,-0.05976543713147587,0.9312353158826988,-0.08881760944895326,0.9961109528228302,-0.11055267502552217,1.082438796874651,-0.09032353982313238,1.1395449798837294,-0.06677360299581037,1.1351110779294615,-0.06129794392042266,1.1343199511173283,-0.011140230786806565,1.1440099749726913,0.03901910133259832,1.1075408407182792,0.07925970561530891,1.0366954115590161,0.13785056808785986,0.9983771904561966,0.2156965304638618,0.9471658224676183,0.24261440812374474,0.8476743992797804,0.25007696157365755,0.7770909489936996,0.23855296116373875,0.7280880911571114,0.23437594717765622,0.6867195133021193,0.21937396198432887,9
0.42083897843520074,0.6415837279072402,0.4113543797953912,0.653122831587948,0.4423786474974677,0.6319330232732231,0.44263071124922954,0.6395586821773052,0.4510148066752127,0.6561913543540272,0.46153328381235315,0.6763632058556552,0.5282166965567768,0.7078389842038187,0.5815137925403144,0.7424925876274122,0.5342419783936035,0.7740899039609019,0.47655900956958486,0.7830681581292452,0.3901831653010139,0.7402959711338907,0.3388900675159331,0.5851215575695115,0.2996811032454552,0.3700898964427845,0.2848545501974061,0.19106853070470392,0.2813163968388107,0.06964529223168898,0.2962486697289372,-0.005776650479948188,0.29633381089005445,-0.028951048391175228,0.30269898126770617,0.002300486800759154,0.2635132723883678,0.05931802626163345,0.17098416448951867,0.15220382144031702,0.03605655317286994,0.29215913623393497,-0.1117036406198519,0.46230381663504017,-0.23021034154133102,0.6494947660533649,-0.2998826362255225,0.7791335138233357,-0.32329312067736615,0.8611776629469116,-0.32861132965214906,0.929528523645927,-0.30978089230464945,0.9761825311073007,-0.2599200466747002,0.9926200117769952,-0.19156543832721798,1.0108686500638466,-0.10788391507185291,0.9971186392839267,-0.04694470471839292,0.9533535079805522,-0.020991403463483247,0.8501592222834267,-0.09619028235583917,0.6775415351043126,-0.20145908104364127,0.46275419481293745,-0.30933168411790213,0.28015454947074553,-0.39698911177684404,0.13387255190823044,-0.462029586053188,0.012818998968207275,-0.5170724361403164,-0.05639475135603546,-0.5716137557641101,-0.10347787482903009,-0.6118977839903312,-0.0824835281908944,-0.6547082929251181,-0.049931287154845495,-0.703558194741808,0.018837765534950607,-0.7635993285068025,0.10339490449458251,-0.8457279896828972,0.22011359391778076,-0.9227114737425622,0.3148635082750591,10
1.0045687961397651,0.6014163362308476,1.0122415634443136,0.5995605689524072,0.9911556010585506,0.6050787021513137,1.009320105446225,0.612882983328468,1.0167380919811817,0.6293198848513784,1.021484763330162,0.6361637141459354,0.8634340274108597,0.599305123188958,0.7264653140866284,0.5493982940565922,0.6242946822325666,0.5197568347502667,0.5183427711584252,0.4751170797123588,0.45463187960815554,0.4078924662725408,0.4103925089554019,0.3105636740889875,0.4355467872944514,0.2825832519543726,0.4600079352385474,0.3290799863997516,0.41125435595783255,0.4360726051649909,0.3070984160680173,0.6264617789334253,0.1629985322982041,0.8073498237367875,-0.00790690851823172,0.9666322907543503,-0.18889086791805063,1.1306143558010786,-0.3031012446600536,1.293631160133095,-0.4272305902266096,1.3606365594881762,-0.49549370268291465,1.3305570969801706,-0.5547075448475187,1.1777874824019066,-0.6372985716753837,0.9167130205304503,-0.7092552796919273,0.622954695023115,-0.7863281502868005,0.3341170191433181,-0.8690602542076185,0.12401677558613454,-0.9222302084786744,-0.10950179770929422,-0.9478355532765594,-0.2715981273640515,-0.9385693367676557,-0.3394794999195175,-0.8802739148392058,-0.32212846893152725,-0.8564325683451393,-0.21899423534049542,-0.8659211909179201,-0.030091175622978795,-0.9135281267097012,0.20513103854101034,-0.9966224112895379,0.539651364043816,-1.1116234653471715,0.8719175860958099,-1.1782311103504028,1.2965108394351943,-1.219295959532149,1.639198063729416,-1.227235291717381,1.8698344451948206,-1.266091504221564,1.9603300816855986,-1.3721170251423676,1.9055617437228247,-1.52253687488403,1.699318005871543,-1.641359265384478,1.4545863405047543,-1.7042025447947622,1.2348398961950777,-1.7316754036861033,1.0375444175253237,10
0.30064886694311144,0.8693339962741039,0.30829188604204516,0.894095170831643,0.30522873680942353,0.900418233798749,0.30528643852124104,0.7996128752703267,0.3139046825379211,0.8980345798778663,0.3427530389013219,0.8909149598798639,0.4275994987487133,0.9927110675694986,0.48493494992473557,0.9908333040809946,0.5041985332335364,1.0426475543347817,0.49046291644311285,1.047053375936933,0.4932877785721085,0.9518254742274777,0.48195659043059413,0.7834939121725785,0.44684453698055915,0.545103185419609,0.43810668806215947,0.3428513238794733,0.4329200130793579,0.20536996894218384,0.4049709983288388,0.10412880902833063,0.3852048475042689,0.05604460296077706,0.3487366983673459,0.08991536824918389,0.2753927280453934,0.14985286452704416,0.17098416448951867,0.27730285276112554,0.03605655317286994,0.47022705006553167,-0.13564013503839142,0.6960837353522099,-0.31133464236787795,0.9051012754126366,-0.40111323136910504,1.054292527237565,-0.44457270587813025,1.133516512696832,-0.4703097299347868,1.1941876155309217,-0.4303797571432155,1.2013104422292524,-0.39462227989823934,1.2287695379764771,-0.3311743571848827,1.242624474309392,-0.26213039931317444,1.1991492717681362,-0.2281330892070872,1.0933265841044584,-0.2268156616779959,0.9276748561382033,-0.21650931523956396,0.692632149029189,-0.23710548079652627,0.5056604752191567,-0.28602450646145056,0.34842144680158715,-0.32896220794116543,0.22610683065419068,-0.38606711825603707,0.1306911657609218,-0.4332434531410754,0.0657235589369589,-0.48968092466953766,0.05266500081681527,-0.5515410898466718,0.051694277421086086,-0.6055769725246875,0.07319333357291054,-0.6553888386383153,0.12673163004609866,-0.6982331996688104,0.19347865723616503,-0.7652387764538724,0.2772864905352907,-0.82902574623672,0.3966864446093123,10
-0.9698689069019956,1.3248924110938203,-0.9451468838091559,1.3225932719159679,-0.9465855740601213,1.3300873717492996,-0.9483018814006718,1.3197601953724876,-0.9375464828263708,1.3413848078060173,-0.895930165045326,1.3602179596380009,-0.8128259553656819,1.413250477203754,-0.6906626860511103,1.4598617270446839,-0.5769773343226982,1.5372112110019338,-0.5545633690874513,1.5603262904264654,-0.6539926434373448,1.5108350990335775,-0.7460978412922772,1.4547306004224907,-0.9344663404447612,1.2888151639550343,-1.0944146905853749,1.1846317793499153,-1.1155866432033363,1.1417822956894963,-1.0520993403375847,1.1624512889178846,-1.0259890855456213,1.1758684331287537,-1.0088406337801563,1.1566328621950985,-0.9151380041732115,1.0551360673119887,-0.7042794451905751,0.9027304612921018,-0.4150039944138628,0.745441991513816,-0.0877051345577406,0.6126269732553989,0.1522242317052337,0.5131516625587303,0.25115834606955484,0.43525903404621125,0.2833328816502918,0.36760026057887213,0.303425511051879,0.3341170191433181,0.3263256731038471,0.2847529639033809,0.34626902097711426,0.22112114205328653,0.29709585284024015,0.09926459138832461,0.17698737622983923,-0.05976543713147587,0.01343061154644729,-0.22885788340105112,-0.16628279741600263,-0.3739585638152875,-0.3608299743212822,-0.48183390712413116,-0.5337497885507395,-0.524770325257013,-0.6122045431212456,-0.5257134572229777,-0.6011871110491139,-0.5119382035333891,-0.5271643165646299,-0.47185460092598464,-0.4017601699332154,-0.4361686328382309,-0.22333302061355578,-0.5009491933917658,-0.01811278953564028,-0.589499134514417,0.2002376516230162,-0.7274825495713342,0.3948226760772414,-0.8907341527543978,0.5716752339230524,-0.9774804181772768,0.6833821352740169,-1.0376283898784358,0.7378328261001847,-1.04879318949429,11
-0.9527369338458854,1.5794402332736088,-0.9451468838091559,1.576985098126667,-0.9465855740601213,1.585174422060655,-0.9483018814006718,1.5731505269862782,-0.9203523237555021,1.5966347492156274,-0.895930165045326,1.6149692053719293,-0.7960130902711395,1.6709890953157183,-0.6745939648228286,1.722028948470004,-0.5619167959220445,1.7492368349502143,-0.5127796074986102,1.7802822962407896,-0.5637511137870137,1.7525178358294897,-0.5910731514472226,1.6987747296899838,-0.6627349723467686,1.5513350974202706,-0.7222066733267032,1.4330523996010012,-0.758243259723494,1.386086713768388,-0.758481593555119,1.4098721693992458,-0.7148542863842859,1.4452458612967922,-0.6521970268945787,1.4342483150842709,-0.5341337009763777,1.387097140951828,-0.3152943467911712,1.2154780395941234,-0.17122836243601153,1.1340301019805674,-0.0037413691621376237,0.9966579165599991,0.1753512480413104,0.8710154995389786,0.3186647911940231,0.7791335138233357,0.45980693721981,0.6399391103287926,0.5322839213692047,0.5987761110283136,0.5895226315338534,0.5420420051856109,0.6268744917379113,0.4887618061071343,0.6112008826871713,0.4082501070659252,0.5092247319047616,0.282189368864563,0.37574494482966286,0.09785795726838305,0.20905852017956192,-0.0485669436356054,0.036067383248130656,-0.15055590402328595,-0.09464258884093503,-0.20989757870243622,-0.20447949729650183,-0.19789074195058592,-0.24955839087779577,-0.1956087882787264,-0.24502602221317335,-0.1836534749176813,-0.19216061838760165,-0.12419268082292347,-0.12090374114561624,-0.14603999411348287,-0.008070684389324593,-0.2614302127756669,0.14130039033604644,-0.4348703363993203,0.31776166894993674,-0.5978222909519114,0.4783088431012822,-0.7222755462995757,0.5850475249706653,-0.8089368034083959,0.661184869527031,-0.857873004714366,11
-0.4032710622535423,1.472250018021911,-0.3956577913602232,1.4564989285048193,-0.39780862049903937,1.4777571375730176,-0.41597075064629563,1.4531386896166725,-0.40612288597620816,1.4757421553192613,-0.505639685274884,1.4540553898537727,-0.7122087575576184,1.3996544427785662,-0.9000556077564398,1.3495476722917246,-1.0725001003607142,1.3676761814296985,-1.2094878115084045,1.4283653572147033,-1.285683350989663,1.5561302163266808,-1.2707161853365154,1.6225232963757819,-1.1382941352998261,1.5513350974202706,-0.9411625527206215,1.4054501084619921,-0.6932462883589168,1.2368188835718779,-0.356197734475026,0.983788118923065,-0.11481680905043276,0.8498476494127634,0.16464531022343934,0.7036614001822051,0.3587335723957186,0.6175836056304179,0.47493180318066675,0.5899828829900801,0.5114442450055833,0.5349917351433231,0.46407446994009915,0.5290980791256603,0.3260363415263662,0.496071964928733,0.09370145253203571,0.4008641573694324,-0.20195651639564285,0.24848877661697383,-0.4811836031970329,0.05295246013482595,-0.7155192452829187,-0.13327226569609582,-0.8885691592457352,-0.2984486248354924,-1.0060009236063148,-0.4261242601775415,-1.009802498344495,-0.4949135026449896,-0.9043740927898039,-0.49328133733651497,-0.6626898435355537,-0.48240012413026073,-0.30070154806879545,-0.5872080215995619,0.11892904203650372,-0.8539245570764843,0.4944347060707284,-0.9900699671570534,0.7826912309460102,-1.012736176279972,0.9594896229898041,-1.0089284055489594,1.0760575575104194,-0.9923226074019587,1.0981847566791187,-0.9978343381217892,1.0185134323817107,-1.0219214144343518,0.7997210532824581,-1.1432193834711042,0.5008251474197781,-1.2761550132025534,0.1981613943222066,-1.3978712643046616,-0.05881994926289292,-1.4377769244120022,-0.24996166076475274,-1.4305746512526012,11
1.8458995765843904,0.45405872930275765,1.836475202117713,0.4522932680127896,1.8485420175188456,0.4708070965417666,1.8507868261416844,0.4528864051357677,1.856770255247666,0.48155582145236336,1.869877487506368,0.48868834542411194,1.9363374803512778,0.517904727427812,2.0308624927575614,0.5493982940565922,2.020810276507651,0.5903913429299851,1.9814948364504252,0.5924438431824418,1.924222521254981,0.5741268520730236,1.876870598857466,0.46306654071739134,1.8395117016551286,0.2825832519543726,1.784495761895375,0.370453615018483,1.6998291103923509,0.232514904284283,1.622840970815023,0.09041289268775136,1.5074961023816416,-0.11400793580317942,1.3266515650794504,-0.18770008463998908,1.1683215530012039,-0.07645164120190183,1.0098570209019992,0.13653266848868234,0.8527805487263814,0.3083153373710514,0.7039355072740673,0.44564131702884935,0.5925961748921761,0.581323214306048,0.4873436863758336,0.6931834656267198,0.4487452355136751,0.7930929505094311,0.4887320870079804,0.8964461371603024,0.4469812369855904,0.9440214009470225,0.33500998037161417,0.9611288739226295,0.3203138807071337,0.964544185194489,0.30748947327888076,0.9194352089800949,0.17039394669619837,0.8911283190747731,0.17275132134610222,0.7417176619684535,0.18038804232984926,0.5721674206288818,0.15451408826141466,0.4055046045302868,0.14494749175448202,0.18451008916539113,0.15877896378412662,-0.03750101539136192,0.13478631677258163,-0.2360536796464637,0.09080961381798136,-0.4361686328382309,-0.008199756291543861,-0.6287582086494019,-0.1891927984531854,-0.7535013875571928,-0.4090516909229651,-0.7890781188819244,-0.616883241670373,-0.7520039553613602,-0.7916478668043457,-0.6772660974855669,-0.9172945043747581,-0.5659828636784803,-0.9823216593830278,-0.3533276845539066,12
1.2449490191239438,0.18608319117351252,1.2183665509510047,0.18448195483508661,1.2312344363159675,0.18886572510850222,1.2497391685020707,0.17276275977281796,1.222536222716017,0.1994344105401051,1.2759762629512117,0.20706020609751752,1.3160814211675484,0.2330326440621328,1.3706295428079545,0.19068392584586194,1.360087377909883,0.1381961812297511,1.3404743009029993,0.16716600129547163,1.3183246290458528,0.1510678458858501,1.2807498133737596,0.0054261319586886006,1.2620971788376782,-0.22784067435600588,1.2371909519655266,-0.41612225817394,1.1692164535504357,-0.5681727457525343,1.090022857852318,-0.6655656650969098,0.9852423248381225,-0.7377584434912096,0.831954287149606,-0.786738431142547,0.656397031242227,-0.7856086176797045,0.47493180318066675,-0.7859713653926804,0.29199575727371185,-0.7116235422071773,0.14018765556695703,-0.5562004882975214,0.03628957727438574,-0.33891911489640025,0.026253152493807094,-0.08066411610546853,0.040659673086845205,0.1804040641794937,0.0854973153090387,0.3341170191433181,0.11795668942649361,0.47771974486505375,0.18910674283435563,0.5675236584513157,0.25053949644393153,0.6400059313114703,0.200670408416454,0.7484242349231709,0.13418124407612841,0.8444930263095355,0.06376712622704288,0.8811520879783845,-0.04812484958110088,0.8582386277047729,-0.1540328039197518,0.7489403216146524,-0.2161631987573586,0.6489256024679465,-0.30626702536840034,0.5687400957734414,-0.3535278041331805,0.5105643561975486,-0.35987277248110583,0.445497440419154,-0.397473388188833,0.3650120808106454,-0.4609540169983003,0.2455209778946574,-0.536782962367311,0.05782770019197519,-0.5976055365906918,-0.16618023175638774,-0.6795985425554686,-0.3919684529137736,-0.7742077065896741,-0.5945693119872351,-0.8886359318771855,-0.7623834584236358,12
1.1247589076318545,0.7354041052954702,1.1324367542643226,0.7334662255412586,1.1283055117465948,0.7393503077608606,1.1295296369741479,0.7329524355983951,1.171042375189342,0.6159131689656073,1.2081644983158888,0.5020688678808048,1.282542355231527,0.40937086641295123,1.2739674425694305,0.3010575776030099,1.1948872453501314,0.12403264977106927,1.089699690401697,-0.06742417426053136,0.9831513257877169,-0.22663077626860387,0.8157990239100434,-0.34544908927278256,0.6280182949002682,-0.44657578570501005,0.43810668806215947,-0.48515779411124665,0.24878991935145559,-0.3917599802139255,0.07874779622685787,-0.17072390413418878,-0.0370331092600989,0.09860366469680511,-0.09998234271751054,0.39681994577241225,-0.05790909777219256,0.7232401735413115,0.07375360265014536,0.949608824000871,0.19449810922052257,1.1501863031176842,0.1881846676911796,1.2471003348833596,0.047912999992517594,1.3311366641402025,-0.2099321878124716,1.4326361706821304,-0.42250632154682033,1.4228397777524309,-0.6010779156429384,1.3926819344446681,-0.7155192452829187,1.2656327025498104,-0.7650679303359158,1.0555342720691956,-0.831504812617049,0.7791128258183017,-0.9623137239599358,0.5308837732253181,-1.0734499526090262,0.25335373170463776,-1.0864824919881848,-0.03303704117074511,-1.0223048434773865,-0.3613691787238237,-1.0677708960362973,-0.6249261959458828,-1.2296339625887893,-0.7715214903087921,-1.42923873360065,-0.8019068341834967,-1.5688711866218668,-0.6552553174767235,-1.6595200434919648,-0.31410892058280554,-1.6370053719880375,0.13785056808785986,-1.5679790382056265,0.6034143470642032,-1.4802364148136358,1.074088075923285,-1.435861921812595,1.514300008580205,-1.5199926125789296,1.9199866354461472,-1.6058217028927722,2.3639119917073947,-1.7402163017763916,2.5511803780067015,12
-0.05992146753315658,1.458880180158443,-0.06942638348464449,1.4564989285048193,-0.054889516076701846,1.4643589773588466,-0.072476897262593,1.4664477315909303,-0.1147084786307553,1.5026136248219104,-0.20026743081749854,1.5211317751561577,-0.34345236076751495,1.589588699554573,-0.4652010431174991,1.6392487096521435,-0.5919602410821124,1.678541277065933,-0.63820293323339,1.7069847447640694,-0.6282664761958178,1.7222993353875486,-0.5791766245525526,1.6225232963757819,-0.4929175016763082,1.434659571435721,-0.4047800701939847,1.2536673152872224,-0.30343241100185214,1.1146373603473978,-0.19305802527289748,1.0800370383519795,-0.0370331092600989,1.1050183116487755,0.11860759312380027,1.1127622983574508,0.2753927280453934,1.1154926261555962,0.45060844996034505,1.1372573709820841,0.5967783209357826,1.1016477594416711,0.7039355072740673,1.0133204161661906,0.7664082847133087,0.8539358019089804,0.8022574734508718,0.6416282941068835,0.8016933466527114,0.3506158452731938,0.7284643705875522,0.003293154287074384,0.62240807657681,-0.2940779164974897,0.5370923483528126,-0.4086335996175085,0.48320097776295307,-0.3797330453588047,0.4024670220479994,-0.29288287016077985,0.3032571038953507,-0.1821553928076214,0.1364441225126418,-0.11055267502552217,-0.0360618561033528,-0.15055590402328595,-0.20145908104364127,-0.23852237384376118,-0.2977082079223073,-0.36180209958678194,-0.34028047728623984,-0.5251470632056503,-0.32098849001032426,-0.707655522205506,-0.2550729967082991,-0.883799041824883,-0.14134722712008596,-1.0262295272121371,-0.028154894681955964,-1.1560992200463323,0.11183175969256157,-1.2048149527816943,0.24065084863121136,-1.1990974815732953,0.36625951885240526,-1.2026573724744507,0.47769775293287414,-1.2376717862507172,0.5590022691787881,-1.2942030906955126,13
-0.5234611737456316,1.351689964906745,-0.5502071467646802,1.3359549162667346,-0.5178480381277478,1.356941692871209,-0.5705385456168378,1.3597449361955825,-0.6804317639367243,1.4085344626970857,-0.8280306749706303,1.4540553898537727,-0.9468955548567018,1.4946508729649,-0.9966344503720197,1.5012816449557087,-0.9373434129610295,1.4806791845763339,-0.8332898752723232,1.4576970480822242,-0.7185080058461488,1.3748192136750357,-0.6983884536421493,1.3021618293573411,-0.6287831857253043,1.0555271117299871,-0.5251520411091734,0.8672352393410889,-0.3900950394879555,0.7618118292701797,-0.22566348059241328,0.7364266147029188,-0.0370331092600989,0.7364997022568103,0.18766416877325923,0.7766948424270373,0.40637449819125143,0.7684750027394357,0.596485718240361,0.7620278250927256,0.7308927327374554,0.664521105298907,0.8358962847938921,0.5792298420100889,0.8243456546536857,0.4619861890550742,0.8135376201814027,0.22888977398553942,0.7906316449465766,-0.023850073132947007,0.7502684584242844,-0.2778714047214178,0.69917858103916,-0.3905613069783258,0.6156734874241919,-0.4401247374718746,0.5413663480927081,-0.4570294867402397,0.4261500542346149,-0.448316872886252,0.3032571038953507,-0.4154662522901954,0.1606071893224962,-0.420414392740344,-0.011998049526607636,-0.4517177250240542,-0.1540328039197518,-0.524770325257013,-0.25109385260940476,-0.6076101326725961,-0.28357184279563524,-0.7096156206975701,-0.2883930736217386,-0.8386560340274621,-0.2655312990475709,-0.951596971291771,-0.20283657224018842,-1.068852975198729,-0.1187419675303275,-1.171043651588329,0.0037123700212935585,-1.2355462195435651,0.13469819048009482,-1.1990974815732953,0.27289312803063503,-1.1276200060799142,0.3882858411666859,-1.094801286495946,0.5164298544710112,-1.076008593804171,13
-0.5750346263135073,1.472250018021911,-0.5674286142824663,1.469860572855586,-0.5693568281146603,1.4777571375730176,-0.6048080280169692,1.4931234304397676,-0.7489425111624042,1.556356563827208,-1.014710409956357,1.6417881746249556,-1.2653866848693065,1.6981225605694337,-1.4314890150109603,1.6530156176196928,-1.3727792886789096,1.636172782099015,-1.2373676662237176,1.5603262904264654,-1.0407515773818588,1.4352562145589172,-0.8534131434872039,1.2563582458194238,-0.7193407959035885,1.0555271117299871,-0.5689545354619497,0.8948375304800985,-0.433370370120874,0.8703915706385756,-0.2365694432337688,0.8463320742111979,-0.003713651447400335,0.8640544153447899,0.23370188587289828,0.90818028771311,0.4420744167460438,0.8740663907811672,0.596485718240361,0.793302582922928,0.7186661369247086,0.5997564202211154,0.7639007666075589,0.3454499232929191,0.7548447765452699,0.05303049795750644,0.7235290266821123,-0.20100904097886296,0.6472856754145032,-0.43228482215044406,0.5214100481069587,-0.6252007367011586,0.39215326223293745,-0.7282184424191795,0.26768788190573495,-0.7235449781611719,0.12253959151971323,-0.6733660726791257,-0.060395140687293576,-0.6503475053704617,-0.2643457918271568,-0.6954796023661994,-0.42055838648758104,-0.792328781079845,-0.46908601372725856,-0.9636277749756839,-0.415092065449054,-1.1401106838781996,-0.274401030265856,-1.2905741228234124,-0.10206902609613047,-1.381787160743745,0.06970768852686886,-1.46740190307876,0.2480634655722138,-1.5348818372497672,0.4322885153397152,-1.6083002392132055,0.6058505519908806,-1.648170394827858,0.7604464817524345,-1.6667152047176947,0.8958437553832732,-1.70786367354901,0.991872268934783,-1.7881693377379542,1.0321533154002442,-1.8379872007345723,1.0358837543025126,-1.880571347190225,13
0.1976794952069044,-1.2742966745018902,0.20531816273982137,-1.2883645824098051,0.2023884676445029,-1.2746077749952085,0.20230042923587094,-1.2809187902379942,0.21109424685643485,-1.2515088671407153,0.22397279399029071,-1.187410346380561,0.27680369841621527,-1.10998598060178,0.33998342837842166,-0.9819467285675502,0.3841023842345054,-0.8369507497595613,0.42079930013895855,-0.6100287796175847,0.441768795987392,-0.42301839577141237,0.46999842350019994,-0.17765639331949087,0.4921526108512713,0.0055103776130933455,0.5037538372213592,0.2048398681844256,0.5087218211996315,0.40892766982289175,0.5028435805896609,0.6126864863316314,0.4740758841184834,0.8498476494127634,0.44075265231197364,1.0835362968368305,0.3587335723957186,1.2663840232646137,0.24395422415048298,1.4030590385022688,0.08477386535458652,1.5225482721826562,-0.06370662849562998,1.6144687785817688,-0.20708332520525502,1.654914725246791,-0.33366493133087644,1.5873759722323033,-0.4556344075842645,1.559009202627391,-0.5901477010684527,1.4753521745394138,-0.7155192452829187,1.4103230570289904,-0.8099880201743558,1.3547340893939424,-0.9245573750784052,1.3353401539974856,-1.0453884016300825,1.3234964739485138,-1.1338252688738668,1.2955920469623352,-1.1833851537023166,1.206543708158067,-1.2147531157125944,1.0539612884804346,-1.245818834216799,0.9206890924626037,-1.2878717940972866,0.7308812812860441,-1.293126282046676,0.5687400957734414,-1.2976167318218483,0.3926921894048344,-1.3136374329656841,0.25563979869684095,-1.3501610195586884,0.0384980706227108,-1.3968990292880812,-0.21672574945607284,-1.431105094413205,-0.4656681210546154,-1.435861921812595,-0.6749464237321023,-1.3892603549029454,-0.857368747855167,-1.3286170374584063,-0.9947178465208016,-1.2547939185623789,-1.1169495158720657,14
0.987436823083655,-1.0732860818619618,0.9951088663776506,-1.0607538875168763,0.9911556010585506,-1.0463170451121948,0.9921853642461593,-1.0542041574730405,0.999632562596245,-1.050001864736403,1.0045537535311737,-0.9996775616093784,1.0311293570909654,-0.8793808277435309,1.064657778487045,-0.7474325170857055,1.0598081895916867,-0.6108226440571626,1.0339399809710714,-0.43410198579662324,0.9960810575101429,-0.2719258935617076,0.9469073798943103,-0.07082530135551367,0.8884519133121533,0.0930170221015056,0.8430816875304662,0.2876467416014543,0.811929053680726,0.4632175405070901,0.7855553647307719,0.6814441968181724,0.7518912254671203,0.8781999452167648,0.7168599944005078,1.068954857633238,0.6444560240014866,1.2362057438428102,0.4384781988711409,1.387455433623701,0.18233453709753264,1.5873129572604483,-0.015709616371407397,1.7479851715300816,-0.1490860407147841,1.842349682858746,-0.25493648456211687,1.8625349856465325,-0.3563641876338511,1.8653904085960524,-0.4703097299347868,1.822681506519155,-0.5949203804443526,1.780141322630123,-0.7426659217084769,1.7168481670108888,-0.8896701829468044,1.6289064313684272,-1.0216440144378027,1.541104077764175,-1.1459377935433384,1.4666777175391301,-1.255999551369237,1.4234937680227762,-1.3350099682175678,1.3250069273811258,-1.3882203726444162,1.17831224873453,-1.4159709333098758,1.0176966554651474,-1.417861820372959,0.858708726423549,-1.4169462510275648,0.7332369324478283,-1.4499204919463506,0.6625445715733054,-1.5140796441467301,0.577945334637187,-1.5679790382056265,0.4244676624794303,-1.588355804484904,0.19638447219409025,-1.5803699901230739,-0.10450756599260828,-1.5199926125789296,-0.3919684529137736,-1.4448895080333612,-0.608831665247111,-1.3570205441585097,-0.748775756268695,14
0.8328939987795723,-0.9660958666102636,0.8405595109731927,-0.9669910065965618,0.8368065419067177,-0.9657540817464664,0.8376175692756173,-0.9608104040519502,0.8453282793880837,-0.9291092708400371,0.8348050283444342,-0.8387637460912215,0.8802468925054021,-0.6758505365423364,0.8714168356329423,-0.49909180063212305,0.8495817051124535,-0.32816251192916435,0.8109731842168251,-0.15541924686309386,0.7640123675231018,0.015117227266923813,0.7203802486097869,0.23424633633803996,0.684624118457088,0.44298060031110176,0.6679848948592896,0.5912719441305591,0.6494646170743495,0.7346668939280805,0.6007161628504831,0.9425809936401125,0.5630043680737546,1.1192250775808028,0.4867903694116127,1.346570310522411,0.4301949610890182,1.4625102495717557,0.3655081392101766,1.5751039806049143,0.2554420172149852,1.7006861262789152,0.056223890171354055,1.8147794340207009,-0.09114867077440704,1.9105212346060636,-0.18743003943764866,1.9484850338431476,-0.2680986503086121,1.9334751210335321,-0.3504154174888806,1.839258425881282,-0.4084372274335185,1.7319343586317784,-0.4732034189696183,1.6380863146667068,-0.540617810637011,1.551676739936372,-0.6181734971860411,1.5100172772190805,-0.7111980550199836,1.4977903119920197,-0.8201253695116788,1.4699495969478322,-0.9381126106481549,1.3551231094812028,-0.9966008035864756,1.2355618390171808,-1.0083061127503947,1.1132821124020218,-1.0209013789387278,0.9773037897740643,-1.0480177515932483,0.851165686934635,-1.0830670886465046,0.7574733924344621,-1.1350807176355737,0.6631309019082313,-1.1855465365195081,0.5586454680914108,-1.2443857536980216,0.4274011160555146,-1.281690094366565,0.23469209570817923,-1.2958939640811753,0.07336698691405488,-1.2839110815753123,-0.08001324242964518,-1.2547939185623789,-0.2033484218418773,14
0.6440872283632694,0.40046362167690835,0.651744761435409,0.3987310053772487,0.6482364966362131,0.40370029408377717,0.6487802919049437,0.4128440494123515,0.656812937410049,0.42781288244706617,0.6821627638354283,0.44843092937475304,0.7461772930143822,0.4772338313455696,0.8231274143251524,0.5218048811173052,0.8796251502725214,0.5480228479630667,0.9085166552362917,0.563112152314921,0.9316323432030005,0.5589849684822455,0.9350108529996403,0.5088701242553089,0.9337599871828655,0.38470583706287953,0.9416090036392315,0.24627311298272292,0.9418670127997478,0.1375369447719711,0.9377891112915449,0.021655182201210335,0.9185459618716691,-0.08565563999917791,0.8894716933968294,-0.2169260861606093,0.8349581755999032,-0.37823443541993734,0.7423629865203762,-0.5670480605812653,0.6211684888715193,-0.792614368686749,0.4760427171493689,-1.057085324944243,0.3260363415263662,-1.3273329958461653,0.1949320476756176,-1.593890115902405,0.08479244174946439,-1.8108899605983417,-0.0017190360378886477,-1.998012597496625,-0.07946937891759964,-2.1431692445031505,-0.11401680913744226,-2.2349835643376914,-0.14506923226217047,-2.342114807166059,-0.17905572164302772,-2.484334453295417,-0.2281330892070872,-2.562100873883177,-0.28734852593998916,-2.5897677250709563,-0.3728307874202789,-2.529558666405229,-0.4981647423258285,-2.3709026854213384,-0.6355117207776969,-2.164650023479498,-0.7826899277486187,-1.9485155623716992,-0.9178043928360936,-1.742474684057822,-1.0411255030993731,-1.5755488753223865,-1.1657989089961762,-1.38113872649042,-1.2861757145141954,-1.171043651588329,-1.3917797148993136,-0.9584326755393345,-1.4743675187805372,-0.6903312895975807,-1.5293099411356004,-0.4219963704943012,-1.5521930484725148,-0.16577258735590994,-1.5358070758320181,0.0830024014272403,15
0.6955719142313729,0.40046362167690835,0.6860101555687348,0.3853115184102451,0.6996566312186734,0.3902441331760386,0.7002732965476287,0.3995350074380935,0.7082181552507921,0.40094141294441726,0.7160247834334029,0.4082314376650332,0.7796296946973386,0.4229669008381389,0.8069754354739257,0.4114312293601575,0.8195382599523863,0.37842676868626757,0.8109731842168251,0.31382445563307565,0.8026682664870548,0.24172334721167302,0.8038408569796492,0.14270507369895058,0.7865380158846207,-0.009042563262949149,0.7774345383712664,-0.15393030044313222,0.7577369190718455,-0.31032517418762834,0.7202882377894655,-0.45935190989850216,0.6851948625006676,-0.6527015560792053,0.6133643513082951,-0.8451904341837875,0.48971534254157667,-1.0420914028304538,0.31686143276953393,-1.2550927328457129,0.12139062910306929,-1.4725736217389016,-0.06370662849562998,-1.6582336873598211,-0.23021034154133102,-1.8045338580773869,-0.3786110829942821,-1.9034440059934132,-0.5107718588720593,-1.930074970167624,-0.6664338378408946,-1.8822599709162546,-0.8471177244979218,-1.8055121090622974,-1.023271392469274,-1.6839226595945467,-1.2037752127937353,-1.5231596782292516,-1.365845596217362,-1.334189975244731,-1.484089513181783,-1.0843534341132206,-1.5465823392742757,-0.8233216467748036,-1.5515220470295206,-0.5721824534243614,-1.5306219110720332,-0.3386782445326314,-1.4975159424748246,-0.11593506313248822,-1.4632521855184895,0.13387255190823044,-1.4061185137418557,0.36649208704044306,-1.3765498112863814,0.6082827887847674,-1.3706574679320553,0.8760641557347737,-1.3868569241417656,1.1401899851653223,-1.4114424046562593,1.4127971892381053,-1.4261981626770441,1.6684816729896539,-1.4079432883300527,1.8448844139380467,-1.364400294804337,1.9494393621249488,-1.3144041042028445,2.0193607457348244,15
0.6955719142313729,0.4406310133533003,0.7032316230865209,0.4388737810457853,0.6996566312186734,0.4305546152056867,0.7002732965476287,0.42621070628693064,0.7082181552507921,0.45468435194971446,0.7330435186717639,0.43505040691805946,0.7796296946973386,0.46363779692038193,0.839196135553434,0.45279155026699336,0.864564611871867,0.4066927818990675,0.8806368005209794,0.38712200710979594,0.8800467125166224,0.317302231686333,0.8754049384548415,0.20373258212501028,0.8884519133121533,0.0930170221015056,0.8868841818832427,-0.015918844748084516,0.8876748781908667,-0.13391240864901927,0.8725219843502385,-0.22570632201893553,0.8629943830701526,-0.3408263022351901,0.831954287149606,-0.4798969767327542,0.7635583384903191,-0.6347172205706867,0.6572626757702078,-0.8172461232228824,0.52367084081833,-1.0030646250572415,0.3680804456916553,-1.2240709811707922,0.22172510981364943,-1.41258424522348,0.09370145253203571,-1.5766555340686845,0.007588606130360261,-1.7087628919421214,-0.06707495823584511,-1.7664358920972545,-0.11235482396055621,-1.8055121090622974,-0.14767785837038125,-1.809887211012012,-0.17995642439377155,-1.8322119438562317,-0.22654449602758706,-1.8626655845113362,-0.2643457918271568,-1.9088035882006926,-0.3357998567970549,-1.8924751043987251,-0.4209584005737686,-1.8068158280281585,-0.4862621578988756,-1.6410136865456222,-0.5539667116127482,-1.4681152585783848,-0.623882293621879,-1.2894959472578185,-0.6899169894446407,-1.1530006747060653,-0.7476427804594958,-1.0329896454745773,-0.8277399168328569,-0.9126487708507446,-0.9238794547535917,-0.783325834987988,-1.0281977823393533,-0.6196570443310898,-1.108240561840854,-0.42825576067698423,-1.1651617064051913,-0.226847333777655,-1.2034218683462874,-0.051426794120890025,-1.212221503854602,0.1239433234951352,15
